<?xml version="1.0" encoding="UTF-8"?>
<project-private xmlns="http://www.netbeans.org/ns/project-private/1">
    <editor-bookmarks xmlns="http://www.netbeans.org/ns/editor-bookmarks/2" lastBookmarkId="0"/>
    <open-files xmlns="http://www.netbeans.org/ns/projectui-open-files/2">
        <group>
            <file>file:/C:/Users/zoroz/Documents/NetBeansProjects/JavaApplication37/src/javaapplication37/server.java</file>
            <file>file:/C:/Users/zoroz/Documents/NetBeansProjects/JavaApplication37/src/classes/MusicLibrary.java</file>
            <file>file:/C:/Users/zoroz/Documents/NetBeansProjects/JavaApplication37/src/javaapplication37/searchalbumclient.java</file>
            <file>file:/C:/Users/zoroz/Documents/NetBeansProjects/JavaApplication37/src/javaapplication37/AlbumClientGUI.java</file>
            <file>file:/C:/Users/zoroz/Documents/NetBeansProjects/JavaApplication37/src/javaapplication37/mainmenuclient.java</file>
            <file>file:/C:/Users/zoroz/Documents/NetBeansProjects/JavaApplication37/src/classes/Song.java</file>
            <file>file:/C:/Users/zoroz/Documents/NetBeansProjects/JavaApplication37/src/javaapplication37/clientmusic.java</file>
            <file>file:/C:/Users/zoroz/Documents/NetBeansProjects/JavaApplication37/src/classes/Album.java</file>
        </group>
    </open-files>
</project-private>
